,field_1,OBJECTID,TENSION_NO,POTENCIA_N,x,y
0,0,411.0,33.0,20.0,-71.47772802600002,-16.414298700000018
1,1,412.0,33.0,25.0,-71.55701797699999,-16.383325418000027
2,2,413.0,33.0,5.0,-72.01881913699998,-17.02343507400002
3,3,414.0,33.0,40.0,-71.54772518499999,-16.418670150000025
4,4,415.0,220.0,0.0,-73.30140224600001,-14.532672581999975
5,5,416.0,138.0,85.0,-74.615614768,-8.400229844000023
6,6,417.0,138.0,3.0,-77.85255504100002,-8.813040527999988
7,7,418.0,220.0,118.0,-77.87252946699999,-8.775190506000001
8,8,419.0,60.0,25.0,-78.50769545499998,-7.17779772199998
9,9,420.0,220.0,265.0,-79.86989180799998,-6.7820244399999865
10,10,421.0,60.0,5.0,-77.64780398300002,-9.273956861999977
11,11,422.0,138.0,26.0,-78.58395900099998,-9.059055949000026
12,12,423.0,60.0,20.0,-77.53731199999999,-9.511545000000012
13,13,424.0,138.0,7.0,-78.44338796,-9.235051173999977
14,14,425.0,220.0,20.0,-76.94180746,-9.901743002999979
15,15,426.0,220.0,100.0,-75.992052839,-9.28947182799999
16,16,427.0,138.0,27.0,-76.112955043,-8.937212155999987
17,17,428.0,220.0,95.0,-77.74170429899999,-10.68029866400002
18,18,429.0,138.0,53.0,-76.23864857500001,-9.937766567999972
19,19,430.0,138.0,0.0,-77.822477951,-10.670954484999982
20,20,431.0,220.0,0.0,-77.25226890900001,-10.102872244000025
21,21,432.0,220.0,0.0,-76.03253595799998,-10.920514376000028
22,22,433.0,220.0,60.0,-75.49346530499997,-9.03076868300002
23,23,434.0,220.0,225.0,-77.043743984,-9.56170001800001
24,24,435.0,220.0,0.0,-76.93292100000002,-9.894515000000013
25,25,436.0,60.0,6.5,-77.80333000000002,-9.062187999999992
26,26,437.0,138.0,0.0,-76.277114256,-10.673234911000009
27,27,438.0,220.0,120.0,-75.643900342,-10.722352780999984
28,28,439.0,138.0,30.0,-76.05719490000001,-10.930101229000002
29,29,440.0,138.0,0.0,-75.889492658,-11.371502678000013
30,30,441.0,138.0,80.0,-75.778137689,-11.378577248
31,31,442.0,220.0,0.0,-76.06449789599998,-11.632971123000004
32,32,443.0,220.0,50.0,-76.13227252000001,-11.733959544000015
33,33,444.0,138.0,200.0,-75.91766799999999,-11.532436000000018
34,34,445.0,220.0,1200.0,-76.96293007999998,-11.796945122000011
35,35,446.0,220.0,240.0,-77.11680813999999,-11.931572768000024
36,36,447.0,220.0,330.0,-76.88052131199998,-11.968539138999972
37,37,448.0,220.0,180.0,-77.047873015,-11.827422220000017
38,38,449.0,220.0,593.0,-76.99483462299997,-12.112329858999999
39,39,450.0,60.0,410.0,-76.97417900900001,-12.177036046000012
40,40,451.0,220.0,0.0,-77.066206282,-11.997688170999993
41,41,452.0,220.0,0.0,-76.84276229900001,-12.088092999000025
42,42,453.0,500.0,600.0,-76.72547772299998,-12.495830988000023
43,43,454.0,220.0,80.0,-75.22466001200002,-12.13192987399998
44,44,455.0,220.0,840.0,-74.650760693,-12.358279620000019
45,45,456.0,60.0,26.0,-74.376336901,-12.589435273999982
46,46,457.0,60.0,12.0,-74.24192383100001,-12.936970676999977
47,47,458.0,60.0,0.0,-74.22057161200001,-13.118080458999998
48,48,459.0,220.0,100.0,-75.692073091,-14.055220393000013
49,49,460.0,138.0,66.0,-72.07150453700001,-13.475496287999988
50,50,461.0,220.0,30.0,-74.952635751,-12.784604048999995
51,51,462.0,220.0,50.0,-76.177097866,-13.26578142400001
52,52,463.0,220.0,100.0,-75.96808217099999,-13.716607271999976
53,53,464.0,220.0,246.0,-76.16699208699998,-13.785008635999986
54,54,465.0,220.0,25.0,-76.30253985000002,-13.061177014999998
55,55,466.0,60.0,112.5,-75.24676235300001,-15.255471981000028
56,56,467.0,138.0,0.0,-70.46057330100001,-13.64581726199998
57,57,468.0,138.0,35.0,-69.22217124600002,-12.588704010000015
58,58,469.0,138.0,52.0,-71.90649167499998,-13.54635672400002
59,59,470.0,138.0,12.0,-70.36276467900001,-13.095532774999981
60,60,471.0,138.0,24.0,-70.32142732400001,-14.230935090000003
61,61,472.0,138.0,25.0,-72.560973477,-13.175252806000003
62,62,473.0,138.0,72.0,-70.11983635000001,-15.508861876000026
63,63,474.0,220.0,185.0,-70.05166267700002,-15.832163907999984
64,64,475.0,138.0,59.5,-70.20555979900001,-14.914358526000001
65,65,476.0,138.0,30.0,-70.39854244399999,-17.421177192000016
66,66,477.0,60.0,20.0,-70.33367359900001,-17.994533191000016
67,67,478.0,220.0,0.0,-70.317044485,-17.999181545
68,68,479.0,138.0,486.0,-71.36010850100001,-17.501688554999987
69,69,480.0,220.0,600.0,-70.96697249800002,-17.215449330000013
70,70,481.0,138.0,0.0,-70.62478707399998,-17.26775842699999
71,71,482.0,138.0,116.0,-70.76730759899999,-17.06157374899999
72,72,483.0,138.0,99.0,-70.624835915,-17.26882096899999
73,73,484.0,220.0,338.0,-71.187544,-17.775569001000008
74,74,485.0,138.0,120.0,-71.51633625400001,-16.473409301999993
75,75,486.0,138.0,25.0,-72.168835231,-16.371991552999987
76,76,487.0,220.0,0.0,-71.59040186700003,-16.51753381499998
77,77,488.0,138.0,20.0,-71.79202845399999,-16.531938334000017
78,78,489.0,138.0,0.0,-71.81974895399998,-16.568489595000017
79,79,490.0,220.0,150.0,-75.17703739799998,-15.204646797999999
80,80,491.0,60.0,15.0,-74.95274393400001,-14.848063396999976
81,81,492.0,138.0,15.0,-71.43450924000001,-14.100577213999998
82,82,493.0,138.0,12.05,-72.68752499300001,-16.61092956599998
83,83,494.0,138.0,11.5,-70.586492378,-14.902907818000017
84,84,495.0,138.0,30.0,-71.40666588900001,-15.53599581100002
85,85,496.0,138.0,0.0,-71.44506292699998,-16.262179688999993
86,86,497.0,60.0,9.0,-74.11514906000002,-14.686876917999996
87,87,498.0,138.0,120.0,-71.31382757199998,-14.882593498000006
88,88,499.0,220.0,345.0,-79.05539520299999,-8.045222409000019
89,89,500.0,138.0,14.0,-76.509306407,-8.185172684999998
90,90,501.0,138.0,150.0,-79.01710385400003,-8.124475315999973
91,91,502.0,138.0,60.0,-79.05450782000003,-8.091141429999993
92,92,503.0,60.0,0.0,-79.21303188299999,-7.238435810999988
93,93,504.0,220.0,110.0,-79.45810214300002,-7.305374323000024
94,94,505.0,220.0,150.0,-78.603042496,-7.058439995000015
95,95,506.0,60.0,92.5,-79.553333656,-7.408870035000007
96,96,507.0,138.0,10.0,-78.81206653999999,-6.401087753000013
97,97,508.0,138.0,35.0,-79.24730941399997,-6.6057015690000185
98,98,509.0,138.0,20.0,-78.80640249599998,-5.685444815999972
99,99,510.0,500.0,672.0,-80.53122352999998,-5.927279424000005
100,100,511.0,220.0,200.0,-80.69914806499997,-5.1691769189999945
101,101,512.0,60.0,37.0,-81.10138016799999,-5.086278827000001
102,102,513.0,220.0,65.0,-80.60392585199997,-3.645864388000007
103,103,514.0,220.0,0.0,-79.932574881,-3.269308572
104,104,515.0,60.0,20.0,-70.23200113000001,-17.99061299599998
105,105,516.0,60.0,90.0,-76.99057014200002,-12.076572241000008
106,106,517.0,60.0,65.0,-80.67788932399998,-4.913867132999997
107,107,518.0,60.0,74.0,-80.63592217399997,-5.183075789999975
108,108,519.0,138.0,31.0,-78.51394474,-9.105087292000007
109,109,520.0,220.0,80.0,-77.51587928200001,-11.114304737999987
110,110,521.0,60.0,28.2,-70.355958563,-17.398939465000012
111,111,522.0,60.0,37.0,-76.19412328300001,-13.712244374000022
112,112,523.0,60.0,37.5,-76.24201187,-13.806048465000003
113,113,524.0,138.0,44.0,-76.26395273499998,-10.674100113000009
114,114,525.0,60.0,25.0,-75.21744955600002,-12.069007253999985
115,115,526.0,60.0,22.0,-75.23152375900003,-12.046585529000026
116,116,527.0,138.0,36.6,-71.971382,-13.53017699999998
117,117,528.0,220.0,240.0,-78.55674359300002,-9.01077974399999
118,118,529.0,138.0,58.0,-76.68818723499999,-10.617951188000006
119,119,530.0,138.0,36.0,-71.03167969499998,-17.54726543800001
120,120,531.0,60.0,65.0,-79.833842661,-6.7637191239999765
121,121,532.0,60.0,10.0,-81.03041091799997,-4.89013587300002
122,122,533.0,60.0,0.0,-76.26839751099999,-10.683389810999984
123,123,534.0,220.0,50.0,-74.65071369999998,-12.359850396000013
124,124,535.0,220.0,50.0,-77.11835428900002,-11.937073279999993
125,125,536.0,220.0,0.0,-76.62409589999999,-11.840338551999992
126,126,537.0,220.0,180.45000000000002,-76.62607339499999,-11.837807606000013
127,127,538.0,220.0,600.0,-77.01127215499997,-12.039023251000003
128,128,539.0,60.0,90.0,-76.68951446199998,-11.928119810999988
129,129,540.0,60.0,0.0,-76.77525950400002,-11.972494700000027
130,130,541.0,500.0,450.0,-75.05285617700002,-15.046984488000021
131,131,542.0,138.0,25.0,-71.995903983,-17.02535614300001
132,132,543.0,220.0,0.0,-81.264398486,-4.536428820000026
133,133,544.0,220.0,0.0,-76.277764042,-10.672573434000014
134,134,545.0,500.0,0.0,-73.033774596,-16.44356822200001
135,135,546.0,500.0,750.0,-78.55824628200003,-9.008694462999983
136,136,547.0,500.0,750.0,-79.02212236899999,-8.048416007000014
137,137,548.0,138.0,0.0,-77.31353471,-10.573827387999984
138,138,549.0,220.0,168.0,-75.30387116499998,-11.302912290999984
139,139,550.0,138.0,60.0,-71.53324927199998,-16.382091822000007
140,140,551.0,220.0,125.0,-71.37885903699998,-14.950764334999974
141,141,552.0,60.0,42.0,-77.19697400000001,-11.493561
142,142,553.0,60.0,34.0,-77.26031899999998,-11.582577000000015
143,143,554.0,60.0,25.0,-77.11112700000001,-11.836927000000003
144,144,555.0,60.0,25.0,-77.128375,-11.868790999999987
145,145,556.0,60.0,0.0,-77.12549899999999,-11.974824000000012
146,146,557.0,60.0,85.0,-77.06582200000003,-11.945655999999985
147,147,558.0,60.0,400.0,-77.10446498099998,-12.048331609000002
148,148,559.0,60.0,50.0,-77.097622,-12.069431000000009
149,149,560.0,60.0,75.0,-77.06517300000002,-12.043714000000023
150,150,561.0,60.0,65.0,-77.05582800000002,-12.089227999999991
151,151,562.0,60.0,115.0,-77.02481371200003,-12.113670617000025
152,152,563.0,60.0,40.0,-77.039065,-12.095345000000009
153,153,564.0,60.0,105.0,-77.016118,-12.086908999999991
154,154,565.0,60.0,50.0,-76.97387600000002,-12.088273000000015
155,155,566.0,60.0,75.0,-76.96172100000001,-12.155601999999988
156,156,567.0,60.0,100.0,-76.90658300000001,-12.195058000000017
157,157,568.0,60.0,50.0,-76.94683309599998,-12.201463694999973
158,158,569.0,60.0,90.0,-77.03390100000001,-12.043863999999985
159,159,570.0,60.0,90.0,-76.91843699999998,-12.003464000000008
160,160,571.0,60.0,65.0,-76.948805161,-12.035239857000022
161,161,572.0,60.0,100.0,-76.968412,-12.055768
162,162,573.0,60.0,0.0,-72.16857299999998,-15.03571599999998
163,163,574.0,60.0,100.0,-77.01089382100002,-12.041728697999986
164,164,575.0,220.0,60.0,-76.361578425,-10.995037447000016
165,165,576.0,60.0,2.3,-75.55714999999998,-11.268736999999987
166,166,577.0,220.0,50.0,-75.47693299999997,-11.194905000000006
167,167,578.0,60.0,8.0,-77.82892029200002,-8.924729908000018
168,168,579.0,60.0,16.0,-77.84504716599997,-8.921049778999986
169,169,580.0,500.0,635.0,-76.73436952399999,-12.542884467000022
170,170,581.0,500.0,230.0,-76.71614229199997,-12.495045732999984
171,171,582.0,220.0,956.0,-76.72773513200002,-12.503439719000028
172,172,583.0,220.0,50.0,-77.27468671899999,-11.433394410000005
173,173,584.0,220.0,150.0,-79.43841834400001,-7.556851043999984
174,174,585.0,220.0,160.0,-76.45637299999999,-11.885739999999998
175,175,586.0,60.0,25.0,-75.156514846,-15.228266808
176,176,587.0,60.0,42.0,-77.74084826199999,-10.794671853000011
177,177,588.0,60.0,40.0,-80.715410889,-5.165271887000017
178,178,589.0,220.0,144.0,-75.10258792899998,-15.388099098999987
179,179,590.0,138.0,0.0,-71.59067412299999,-16.518519516000026
180,180,591.0,138.0,91.60000000000001,-71.588278296,-16.520483134000017
181,181,592.0,138.0,0.0,-79.07260409100002,-6.529286019999972
182,182,593.0,60.0,1.5,-76.29111468000002,-11.748733571999992
183,183,594.0,60.0,24.2,-76.68818599999997,-11.929626999999982
184,184,595.0,60.0,42.0,-76.884996,-12.01598899999999
185,185,596.0,60.0,25.0,-76.82052099100002,-11.989768158999993
186,186,597.0,60.0,49.0,-75.703576779,-14.194748138000023
187,187,598.0,60.0,13.0,-75.72316999999998,-13.999420999999984
188,188,599.0,60.0,30.0,-75.749408458,-14.047238106999998
189,189,600.0,60.0,15.0,-75.71756448600001,-14.090311062000012
190,190,601.0,60.0,8.4,-76.10580078700002,-13.504727779999996
191,191,602.0,60.0,31.25,-76.13801000000001,-13.45058499999999
192,192,603.0,60.0,31.75,-76.12686200000002,-13.396378000000027
193,193,604.0,138.0,120.0,-78.60063000000002,-9.063384999999982
194,194,605.0,220.0,300.0,-71.51742280500002,-16.475451394999993
195,195,606.0,33.0,25.0,-71.51759499999997,-16.474259000000018
196,196,607.0,220.0,0.0,-71.51634699099998,-16.474864140000022
197,197,608.0,138.0,50.0,-71.309748738,-17.62908581800002
198,198,609.0,138.0,125.0,-75.53570444500002,-10.739732468
199,199,610.0,60.0,13.0,-74.852045869,-12.972136058999979
200,200,611.0,60.0,0.0,-81.06169760199998,-5.0651157940000076
201,201,612.0,33.0,10.0,-71.519363,-16.435828000000015
202,202,613.0,33.0,10.0,-71.54958598299999,-16.38984842399998
203,203,614.0,33.0,20.0,-71.536631,-16.393107999999984
204,204,615.0,60.0,12.0,-76.27950231199998,-6.306846646999986
205,205,616.0,220.0,32.0,-81.180132319,-4.5888414890000035
206,206,617.0,33.0,10.0,-71.50170500000002,-16.368615999999975
207,207,618.0,33.0,10.0,-71.59422945300003,-16.347198777000017
208,208,619.0,33.0,2.0,-71.18486200000001,-16.630522999999982
209,209,620.0,33.0,1.0,-71.89614145799999,-17.09464744600001
210,210,621.0,33.0,4.0,-71.82076048599998,-17.145766190000018
211,211,622.0,33.0,6.0,-72.08936699999998,-17.00220200000001
212,212,623.0,33.0,2.0,-71.75516752200002,-17.08836104599999
213,213,624.0,33.0,2.0,-71.722458061,-17.072284679000006
214,214,625.0,33.0,6.0,-72.05619300000001,-17.009191999999985
215,215,626.0,33.0,7.0,-76.12359700000002,-5.913213999999982
216,216,627.0,33.0,20.0,-71.51300372700001,-16.416867061999994
217,217,628.0,60.0,4.0,-73.78853515700001,-12.631181824999999
218,218,629.0,60.0,7.0,-74.99955945300002,-10.212198383999976
219,219,630.0,60.0,9.0,-74.85854799999998,-10.942993999999999
220,220,631.0,33.0,2.0,-75.550005,-10.143033000000003
221,221,632.0,60.0,4.0,-72.64729715700003,-15.843787033000012
222,222,633.0,60.0,15.0,-75.27741700000001,-10.734984999999995
223,223,634.0,60.0,9.0,-74.60799700000001,-11.216721000000007
224,224,635.0,60.0,7.0,-69.543092,-14.683795999999973
225,225,636.0,60.0,28.0,-74.58217605099998,-8.352911776999974
226,226,637.0,138.0,15.0,-77.44862596500002,-8.036764828999992
227,227,638.0,60.0,9.0,-77.18103000000002,-9.346915000000024
228,228,639.0,60.0,4.0,-77.908863,-8.657227999999975
229,229,640.0,138.0,8.0,-77.634224975,-8.55950883600002
230,230,641.0,60.0,6.0,-77.470677045,-8.809002825999983
231,231,642.0,138.0,25.0,-78.32021899699998,-9.463306588000023
232,232,643.0,138.0,7.2,-77.582652,-9.472908000000018
233,233,644.0,138.0,7.0,-78.294578,-9.151871000000028
234,234,645.0,60.0,13.0,-78.15803654199999,-10.06751768700002
235,235,646.0,138.0,40.0,-75.403733983,-10.581226990999994
236,236,647.0,60.0,9.0,-77.44888700000001,-9.752153000000021
237,237,648.0,60.0,3.0,-76.36711000000003,-10.485697000000016
238,238,649.0,60.0,1.0,-75.32787300000001,-11.081444999999974
239,239,650.0,60.0,10.0,-75.687018959,-11.40197800499999
240,240,651.0,60.0,50.0,-77.60845471099998,-11.096923157999981
241,241,652.0,60.0,7.0,-77.245590886,-11.133848410999974
242,242,653.0,60.0,7.0,-75.48278699999997,-11.795347995999975
243,243,654.0,60.0,12.75,-75.69722452000002,-12.293859725999994
244,244,655.0,60.0,0.0,-74.220865,-13.152778000000012
245,245,656.0,60.0,0.0,-71.80347,-15.213006000000007
246,246,657.0,60.0,1.0,-71.85997400000002,-13.422123999999997
247,247,658.0,138.0,40.0,-72.8781404,-13.62052920299999
248,248,659.0,60.0,25.0,-76.36567400000001,-13.074550999999985
249,249,660.0,60.0,13.0,-75.19627999400001,-13.200975975000006
250,250,661.0,60.0,0.0,-74.143221014,-13.621102993000022
251,251,662.0,33.0,5.0,-70.85716000000002,-15.241417000000013
252,252,663.0,60.0,0.0,-72.643798,-12.996983
253,253,664.0,60.0,7.0,-72.52852970999999,-12.652981484000009
254,254,665.0,60.0,7.0,-69.63113193599997,-16.09748932299999
255,255,666.0,60.0,7.0,-69.29587998,-16.267889079999975
256,256,667.0,33.0,0.8,-69.89935557799998,-17.618753002000005
257,257,668.0,33.0,0.64,-70.24490781399999,-17.336157518999983
258,258,669.0,33.0,0.25,-69.62637184200003,-17.577906429999985
259,259,670.0,33.0,0.8,-70.02942628300002,-17.474351865000017
260,260,671.0,33.0,0.32,-70.12139881399997,-17.401223759999993
261,261,672.0,60.0,7.0,-70.46778853199999,-18.174338229
262,262,673.0,60.0,3.0,-70.54389893500002,-17.847129247999987
263,263,674.0,220.0,150.0,-71.594114564,-16.516594924000003
264,264,675.0,60.0,7.0,-73.78443193700002,-15.011720763000028
265,265,676.0,60.0,0.0,-71.92669999999998,-15.10469999999998
266,266,677.0,60.0,10.0,-73.378175349,-13.650192354000012
267,267,678.0,60.0,9.0,-75.20814557,-14.581089695999992
268,268,679.0,138.0,20.0,-72.37197531300001,-16.470616011000004
269,269,680.0,60.0,18.0,-74.66579833600002,-15.455654767999988
270,270,681.0,60.0,7.0,-71.229565046,-14.252574626000012
271,271,682.0,60.0,7.0,-73.30680614800002,-14.150010606000023
272,272,683.0,138.0,60.0,-78.98150087900001,-8.087513195999975
273,273,684.0,60.0,7.0,-79.56561499999998,-6.88409200000001
274,274,685.0,138.0,7.0,-76.75277,-7.1668149999999855
275,275,686.0,138.0,7.0,-77.30318798000002,-8.271006874000022
276,276,687.0,60.0,9.0,-78.00077499999998,-8.252918000000022
277,277,688.0,138.0,24.0,-78.240429,-7.958119000000011
278,278,689.0,60.0,3.0,-78.14987000000002,-7.360181000000011
279,279,690.0,138.0,25.0,-76.35744799999998,-6.491248999999982
280,280,691.0,60.0,7.0,-79.70516700000002,-6.756411000000014
281,281,692.0,60.0,7.0,-77.63474500000001,-7.721748999999988
282,282,693.0,60.0,7.0,-78.82617025100001,-7.2275018180000075
283,283,694.0,60.0,7.0,-78.040749,-7.618844000000024
284,284,695.0,138.0,13.4,-78.50133899999997,-7.999029000000007
285,285,696.0,138.0,37.5,-79.24968750800002,-7.955090686999995
286,286,697.0,60.0,66.0,-78.55181199999998,-6.99702400000001
287,287,698.0,220.0,80.0,-78.54739556200002,-6.9923019679999925
288,288,699.0,60.0,3.0,-79.12189296499997,-7.251712924000003
289,289,700.0,138.0,15.0,-76.973544,-6.047087999999974
290,290,701.0,60.0,10.0,-76.88054299999999,-6.107783999999981
291,291,702.0,60.0,7.0,-78.15280100000001,-6.877005999999994
292,292,703.0,60.0,7.0,-79.771163,-6.763759999999991
293,293,704.0,60.0,9.0,-78.53685096999999,-5.630583893999983
294,294,705.0,60.0,20.0,-78.80444299999999,-5.692911999999978
295,295,706.0,60.0,9.0,-79.896025436,-6.704508573999988
296,296,707.0,60.0,6.5,-79.85468900000001,-6.476754000000028
297,297,708.0,60.0,9.0,-79.71645285800003,-6.147168409000017
298,298,709.0,60.0,6.5,-79.75983100000002,-6.3127190000000155
299,299,710.0,60.0,7.0,-79.53422599999999,-5.919034000000011
300,300,711.0,60.0,7.0,-79.69187899999997,-6.00051400000001
301,301,712.0,60.0,9.0,-79.65475655099999,-5.41706909200002
302,302,713.0,60.0,7.0,-79.99118336100003,-5.189374860999976
303,303,714.0,60.0,23.0,-80.17355603599998,-5.141648982999982
304,304,715.0,138.0,50.0,-80.83172045100002,-6.021200739999983
305,305,716.0,60.0,18.0,-80.61215399999998,-5.160781999999983
306,306,717.0,60.0,10.0,-77.30750047599997,-5.9307554779999805
307,307,718.0,60.0,8.0,-77.160892579,-6.054866054000001
308,308,719.0,60.0,9.0,-80.76224903999997,-5.403319977000024
309,309,720.0,60.0,30.0,-80.97986600000002,-4.9358609999999885
310,310,721.0,60.0,9.0,-80.83129901000001,-5.700063010000008
311,311,722.0,60.0,5.0,-81.04370734499997,-4.108255600999996
312,312,723.0,60.0,30.0,-80.44817326700002,-3.575935199000014
313,313,724.0,60.0,10.0,-80.28004955300003,-3.5106895210000175
314,314,725.0,60.0,25.0,-79.89606594899999,-6.731562415999974
315,315,726.0,138.0,42.0,-70.62648200000001,-17.231577000000016
316,316,727.0,60.0,7.0,-80.81557199999997,-5.5558770000000095
317,317,728.0,60.0,5.0,-69.75385299999999,-15.198194999999998
318,318,729.0,60.0,3.0,-74.37954503700001,-12.593736965000005
319,319,730.0,33.0,2.0,-71.34077300000001,-16.556872
320,320,731.0,60.0,0.0,-76.29230261700002,-10.647377738999978
321,321,732.0,60.0,8.4,-76.211849798,-13.69947627099998
322,322,733.0,60.0,0.0,-76.27680580399999,-10.719852182000011
323,323,734.0,60.0,0.0,-76.260430848,-10.758782345999975
324,324,735.0,60.0,1.0,-76.22927801899999,-10.824355018000006
325,325,736.0,60.0,10.0,-75.18668200500002,-12.047906101000024
326,326,737.0,60.0,10.0,-75.31489853900001,-11.93501336700001
327,327,738.0,138.0,70.0,-71.35164700000001,-17.580129999999997
328,328,739.0,60.0,9.0,-78.52345200000002,-5.489051000000018
329,329,740.0,60.0,12.0,-77.16821599999997,-11.773531999999989
330,330,741.0,60.0,23.0,-77.129726,-11.919407999999976
331,331,742.0,60.0,75.0,-77.097284,-12.01436000000001
332,332,743.0,60.0,50.0,-77.04220500000002,-11.891332999999975
333,333,744.0,60.0,50.0,-77.06844799999999,-11.869028000000014
334,334,745.0,60.0,50.0,-77.13303000000002,-12.055386999999996
335,335,746.0,60.0,75.0,-77.06307399999997,-12.062296000000003
336,336,747.0,60.0,75.0,-77.06313999999998,-11.970011999999997
337,337,748.0,60.0,65.0,-77.08892400000002,-12.047888
338,338,749.0,60.0,50.0,-77.01520900000003,-12.146428000000014
339,339,750.0,60.0,50.0,-77.00165399999997,-12.194289000000026
340,340,751.0,60.0,25.0,-76.92262899999997,-12.226170000000025
341,341,752.0,60.0,40.0,-77.01448599999998,-12.057189999999991
342,342,753.0,60.0,42.0,-76.925521,-12.085379999999986
343,343,754.0,60.0,145.0,-76.94776999999999,-12.057227000000012
344,344,755.0,33.0,1.0,-75.46244300000001,-12.06189599999999
345,345,756.0,33.0,5.0,-75.28331700000001,-12.052992000000017
346,346,757.0,60.0,25.0,-79.55103100000002,-7.412127999999996
347,347,758.0,60.0,4.0,-76.14436,-11.59876300000002
348,348,759.0,60.0,6.0,-76.13780600000001,-11.600472000000025
349,349,760.0,60.0,0.0,-76.23395422300001,-11.650092586000028
350,350,761.0,60.0,5.0,-76.234305,-11.64776599999999
351,351,762.0,60.0,0.0,-76.455036,-11.887481999999977
352,352,763.0,60.0,55.0,-75.91001299999999,-13.905721000000028
353,353,764.0,60.0,0.0,-72.28652,-15.206819999999993
354,354,765.0,60.0,0.0,-78.14191599999998,-10.114803999999992
355,355,766.0,60.0,265.0,-79.87069182699997,-6.781473203000019
356,356,767.0,220.0,35.0,-79.24630822400002,-6.606725071000028
357,357,768.0,60.0,110.0,-79.45858903999999,-7.306316562999996
358,358,769.0,60.0,75.0,-77.03212414799998,-12.06330277799998
359,359,770.0,60.0,24.0,-76.772541015,-12.383769180999991
360,360,771.0,60.0,67.0,-76.88415347900002,-12.261476433999974
361,361,772.0,60.0,145.0,-76.728025,-12.496136999999976
362,362,773.0,60.0,25.0,-76.60844900000001,-12.714540999999997
363,363,774.0,60.0,35.0,-70.27161156800003,-18.025368671000024
364,364,775.0,60.0,2.0,-70.356754932,-17.39839275899999
365,365,776.0,60.0,40.0,-74.54855300000003,-8.385152000000005
366,366,777.0,60.0,0.0,-76.99231400000002,-12.017593999999974
367,367,778.0,60.0,75.0,-77.01395100000002,-11.98157500000002
368,368,779.0,60.0,75.0,-76.96781700000003,-11.930571999999984
369,369,780.0,138.0,36.0,-71.68660399999999,-16.258860000000027
370,370,781.0,33.0,18.0,-71.68325399999998,-16.254179000000022
371,371,782.0,33.0,26.0,-81.26409961799999,-4.538058944999989
372,372,783.0,60.0,14.0,-81.02743908000002,-5.844150322000019
373,373,784.0,60.0,10.0,-80.63872600000002,-5.188140999999973
374,374,785.0,220.0,79.0,-78.630067016,-6.769942747000016
375,375,786.0,60.0,7.0,-74.89480429399998,-12.408965792999993
376,376,787.0,33.0,3.0,-74.78821099999999,-12.462935000000016
377,377,788.0,33.0,1.0,-74.70823999999999,-12.377016000000026
378,378,789.0,60.0,21.5,-75.896787604,-11.523801509000009
379,379,790.0,60.0,9.0,-75.89612399999999,-11.528044000000023
380,380,791.0,220.0,200.0,-75.91815600000001,-11.532286
381,381,792.0,60.0,5.0,-76.05783500000001,-11.738239000000021
382,382,793.0,60.0,2.0,-76.01462979399997,-11.744027447999997
383,383,794.0,60.0,6.0,-76.05610200000001,-11.632090000000005
384,384,795.0,60.0,8.0,-76.21562399999999,-10.578499000000022
385,385,796.0,60.0,14.0,-75.924306,-11.534257000000025
386,386,797.0,60.0,100.0,-77.06556411999998,-11.997812610999972
387,387,798.0,60.0,40.0,-77.04657578000001,-12.028038836999997
388,388,799.0,60.0,7.0,-72.69252599999999,-12.880655999999988
389,389,800.0,60.0,3.0,-72.11011625499998,-13.315168938999989
390,390,801.0,33.0,4.0,-71.63861000000003,-13.687139000000002
391,391,802.0,220.0,100.0,-76.968374095,-12.055830931999992
392,392,803.0,220.0,0.0,-71.31105579199999,-14.897300013000006
393,393,804.0,60.0,12.0,-78.68097599999999,-8.528629000000024
394,394,805.0,60.0,20.0,-78.77794899999998,-8.422668999999985
395,395,806.0,33.0,3.0,-79.00529639400003,-8.170505822999985
396,396,807.0,33.0,3.0,-78.97901200000001,-8.216272000000004
397,397,808.0,220.0,410.0,-76.973369263,-12.177475430000015
398,398,809.0,138.0,345.0,-79.05541778000003,-8.046447453999974
399,399,810.0,60.0,30.0,-75.99128400000001,-13.087737000000004
400,400,811.0,60.0,12.0,-70.02649600000001,-15.832559000000003
401,401,812.0,33.0,32.5,-71.53425199999998,-16.383118000000024
402,402,813.0,60.0,100.0,-75.968514346,-13.716216676999977
403,403,814.0,500.0,1200.0,-76.962284571,-11.795979752999983
404,404,815.0,60.0,240.0,-77.11697199999998,-11.93144000000001
405,405,816.0,220.0,600.0,-76.72623406100001,-12.497276371999988
406,406,817.0,60.0,6.0,-70.30069846700002,-14.300222926999993
407,407,818.0,220.0,0.0,-79.79326396599998,-6.86244581699998
408,408,819.0,60.0,4.0,-72.452347196,-16.28165149199998
409,409,820.0,500.0,1200.0,-71.80843020600003,-16.676573459999986
410,410,821.0,220.0,450.0,-71.58734978400003,-16.560392494999974
411,411,822.0,220.0,300.0,-71.58930108599998,-16.554687058000013
412,412,823.0,138.0,400.0,-71.123122298,-17.57650000000001
413,413,824.0,138.0,10.0,-70.83453987000001,-17.411142487000006
414,414,825.0,33.0,90.0,-81.28329300000001,-4.576997000000006
415,415,826.0,220.0,0.0,-81.17586645400002,-4.587437625999996
416,416,827.0,33.0,3.0,-78.54318834200001,-7.994537978999972
417,417,828.0,33.0,1.4,-78.55962217000001,-7.9110525859999825
418,418,829.0,33.0,3.0,-78.44846836300002,-7.8220629119999785
419,419,830.0,220.0,375.0,-72.33662274,-14.088545703000023
420,420,831.0,60.0,10.0,-73.14973634799998,-14.649215837999975
421,421,832.0,220.0,225.0,-72.60516735200002,-13.146135712999978
422,422,833.0,220.0,120.0,-72.83715625899998,-13.544643722999979
423,423,834.0,220.0,250.0,-71.78589323099999,-14.467328846999976
424,424,835.0,60.0,50.0,-77.27468538199997,-11.433393430000024
425,425,836.0,60.0,35.0,-73.301751335,-14.533773772000018
426,426,837.0,220.0,120.0,-76.96316203100002,-11.901940517000014
427,427,838.0,220.0,112.5,-76.48414300000002,-11.657635000000028
428,428,839.0,220.0,330.0,-76.14562009299999,-11.66576382300002
429,429,840.0,220.0,750.0,-70.99812186700001,-17.190910095999982
430,430,841.0,138.0,600.0,-70.96622498300002,-17.215906913000026
431,431,842.0,60.0,5.0,-70.20559300000002,-17.985652000000016
432,432,843.0,500.0,750.0,-70.99915346699999,-17.189698179999993
433,433,844.0,138.0,185.0,-70.05136424400001,-15.831074870000009
434,434,845.0,60.0,75.0,-70.09589819299998,-15.568809402
435,435,846.0,60.0,59.5,-70.20483125800001,-14.913922302000003
436,436,847.0,138.0,59.5,-70.20581268299998,-14.91373067699999
437,437,848.0,220.0,150.0,-71.31359530999998,-14.881110080999974
438,438,849.0,33.0,25.0,-71.99601054700003,-17.025664819999974
439,439,850.0,220.0,300.0,-71.51833585399999,-16.476087181000025
440,440,851.0,138.0,120.0,-71.51626784500002,-16.473746112000015
441,441,852.0,220.0,1200.0,-71.807317979,-16.675995186000023
442,442,853.0,33.0,11.5,-71.51985995899997,-16.321182539000006
443,443,854.0,138.0,0.0,-71.44523303800003,-16.26278216999998
444,444,855.0,60.0,30.0,-71.406814113,-15.536197863999973
445,445,856.0,60.0,66.0,-72.07152401500002,-13.47429456399999
446,446,857.0,138.0,120.0,-72.837417679,-13.545046633000027
447,447,858.0,220.0,150.0,-75.176712742,-15.204754544000025
448,448,859.0,60.0,150.0,-75.17725226599998,-15.205281582999987
449,449,860.0,60.0,100.0,-75.692638676,-14.05594483599998
450,450,861.0,60.0,50.0,-76.17681424300002,-13.265158354999983
451,451,862.0,220.0,200.0,-80.698672611,-5.168214764000027
452,452,863.0,60.0,200.0,-80.69874008800002,-5.168748596
453,453,864.0,220.0,672.0,-80.53093922099998,-5.926786967999988
454,454,865.0,220.0,110.0,-79.45793729299999,-7.306192696999972
455,455,866.0,60.0,150.0,-78.60224111399998,-7.057407072999979
456,456,867.0,220.0,150.0,-78.60243540099998,-7.058494214999996
457,457,868.0,220.0,750.0,-79.022943677,-8.04914465500002
458,458,869.0,220.0,345.0,-79.055506606,-8.044863180999982
459,459,870.0,138.0,100.0,-75.99225369599998,-9.289944466999998
460,460,871.0,138.0,60.0,-75.49366974200001,-9.031120890000011
461,461,872.0,138.0,240.0,-78.55899437699998,-9.01141179299998
462,462,873.0,60.0,95.0,-77.742116184,-10.680376883000008
463,463,874.0,220.0,95.0,-77.74180054599998,-10.679379786000027
464,464,875.0,138.0,95.0,-77.74231867700001,-10.680424709000022
465,465,876.0,60.0,80.0,-77.51624265100003,-11.11436056399998
466,466,877.0,220.0,80.0,-77.51578283200001,-11.114612812000018
467,467,878.0,60.0,593.0,-76.99507125100001,-12.112223830999994
468,468,879.0,220.0,400.0,-77.10433595,-12.047894177999979
469,469,880.0,220.0,600.0,-76.726129163,-12.495440800999972
470,470,881.0,220.0,145.0,-76.727771862,-12.496387890999983
471,471,882.0,500.0,800.0,-71.97743765299998,-17.038317882
472,472,883.0,220.0,208.0,-77.008328775,-10.92783665899998
473,473,884.0,60.0,25.0,-75.069839984,-11.652859980000017
474,474,885.0,60.0,25.0,-75.05920118199998,-11.646011202000011
475,475,886.0,60.0,23.400000000000002,-76.18305019799999,-13.449643239000011
476,476,887.0,220.0,118.0,-77.872519367,-8.77518861499999
477,477,888.0,220.0,140.0,-77.824822369,-8.776137145999996
478,478,889.0,220.0,200.0,-80.69912972899999,-5.142295998999998
479,479,890.0,220.0,200.0,-80.698672611,-5.168214764000027
480,480,891.0,220.0,230.0,-79.78925898300002,-6.884990680999977
481,481,892.0,60.0,50.0,-76.13238777100003,-11.733883967999986
482,482,893.0,220.0,95.0,-77.74184326800003,-10.680332349000025
483,483,894.0,220.0,50.0,-76.132271318,-11.733959793999986
484,484,895.0,138.0,116.0,-70.76789940600003,-17.061568212999987
485,485,896.0,138.0,50.0,-71.309690107,-17.629151880999984
486,486,897.0,138.0,400.0,-71.12252808199997,-17.576636701999973
487,487,898.0,220.0,240.0,-78.55673672799998,-9.01085501099999
488,488,899.0,220.0,0.0,-80.253996287,-6.291544202000011
489,489,900.0,220.0,60.0,-80.14639564100003,-6.096736910999994
490,490,901.0,138.0,0.0,-76.20808054499997,-9.900365360000023
491,491,902.0,220.0,40.0,-78.15529077500003,-7.917812980999997
492,492,903,220.0,240,-70.3505149199673,-17.39497207220733
493,493,904,220.0,240,-70.3615046924829,-17.402268599850874
494,494,905,220.0,240,-70.36457234854264,-17.391883331784314
495,495,906,220.0,240,-70.34838899659213,-17.4051375266252
496,496,907,220.0,240,-70.36136747281276,-17.407751723969852
497,497,908,220.0,240,-70.3898862477654,-17.428066532793864
498,498,909,220.0,240,-70.39620016938633,-17.423596503826186
499,499,910,220.0,240,-70.39914123847423,-17.42005192814999
500,500,911,220.0,240,-70.39274729311965,-17.41432776686078
501,501,912,220.0,240,-70.39357846752901,-17.41847289295114
502,502,913,220.0,240,-77.32211766436014,-10.577246118682368
503,503,914,220.0,240,-77.32141767385086,-10.564762928199684
504,504,915,220.0,240,-77.32074166374393,-10.571300454930457
505,505,916,220.0,240,-77.3174742983217,-10.571288239838303
506,506,917,220.0,240,-77.30523735924719,-10.576442307684744
507,507,918,220.0,240,-76.62121642795219,-11.840395917132494
508,508,919,220.0,240,-76.61425841674178,-11.830055647601045
509,509,920,220.0,240,-76.62665069689868,-11.845852431640415
510,510,921,220.0,240,-76.6250071597344,-11.842035100028763
511,511,922,220.0,240,-76.624720719108,-11.832490583796819
512,512,923,220.0,240,-71.44395784300559,-16.2529634635764
513,513,924,220.0,240,-71.43657257895586,-16.2617434155779
514,514,925,220.0,240,-71.4510722113299,-16.270409402165456
515,515,926,220.0,240,-71.44905884262727,-16.256198961506325
516,516,927,220.0,240,-71.44720894343166,-16.26243528161733
517,517,928,220.0,240,-75.29543630233087,-11.293190869505157
518,518,929,220.0,240,-75.31141762185763,-11.307876425843592
519,519,930,220.0,240,-75.30168563153111,-11.298846477076749
520,520,931,220.0,240,-75.30378424650655,-11.29887168370765
521,521,932,220.0,240,-75.30915114118511,-11.309480871326537
522,522,933,220.0,240,-80.63138066883089,-5.033364187374845
523,523,934,220.0,240,-80.63962083848072,-5.027831659825589
524,524,935,220.0,240,-80.63629386747762,-5.0453393382858485
525,525,936,220.0,240,-80.63153517514934,-5.034588497713833
526,526,937,220.0,240,-80.62992783263722,-5.04595656324585
527,527,938,220.0,240,-79.21140724601655,-7.230717779522404
528,528,939,220.0,240,-79.20733472443824,-7.232556122731444
529,529,940,220.0,240,-79.21294651738093,-7.228751999767094
530,530,941,220.0,240,-79.21706083290037,-7.247723291845986
531,531,942,220.0,240,-79.21229715369165,-7.247552213088297
532,532,943,220.0,240,-76.77212865415882,-11.96874792374231
533,533,944,220.0,240,-76.76732967855904,-11.96981398318858
534,534,945,220.0,240,-76.77308449754851,-11.97596045055665
535,535,946,220.0,240,-76.78207606247886,-11.972593864905681
536,536,947,220.0,240,-76.77482289137087,-11.972067027942632
537,537,948,220.0,240,-76.29926339029457,-11.780088140481707
538,538,949,220.0,240,-76.31331748114663,-11.78630127899017
539,539,950,220.0,240,-76.30417655979188,-11.775891940344666
540,540,951,220.0,240,-76.30605644558693,-11.778010953636418
541,541,952,220.0,240,-76.30317472562386,-11.786616836762109
542,542,953,220.0,240,-76.60988107386825,-11.765115047543507
543,543,954,220.0,240,-76.61985141202278,-11.755903704819103
544,544,955,220.0,240,-76.6196042551855,-11.757404297987922
545,545,956,220.0,240,-76.6049535859928,-11.754626341763377
546,546,957,220.0,240,-76.62311490112215,-11.755783243553944
547,547,958,220.0,240,-76.02847899217268,-11.40864101523671
548,548,959,220.0,240,-76.0383528819533,-11.414126056217988
549,549,960,220.0,240,-76.02578703870907,-11.416185569718698
550,550,961,220.0,240,-76.02847370141208,-11.423009188071841
551,551,962,220.0,240,-76.03899045784539,-11.413492388727482
552,552,963,220.0,240,-74.66470306145156,-12.361465073204172
553,553,964,220.0,240,-74.66098680511487,-12.354048410967648
554,554,965,220.0,240,-74.65989519551067,-12.358990056974605
555,555,966,220.0,240,-74.64659227519145,-12.355485643836886
556,556,967,220.0,240,-74.6547942220074,-12.3477876604834
557,557,968,220.0,240,-76.68683183159268,-11.92554150349654
558,558,969,220.0,240,-76.69354983411006,-11.91900248736309
559,559,970,220.0,240,-76.6853208594064,-11.931439091419021
560,560,971,220.0,240,-76.69884436616455,-11.920828130367656
561,561,972,220.0,240,-76.68871194027655,-11.93705500497315
562,562,973,220.0,240,-76.02925278300287,-11.621689166812308
563,563,974,220.0,240,-76.04102989054724,-11.613970116066582
564,564,975,220.0,240,-76.03382901755889,-11.62800563213904
565,565,976,220.0,240,-76.03930385364608,-11.630499501038065
566,566,977,220.0,240,-76.04367470478354,-11.624952067087412
567,567,978,220.0,240,-75.9726213229303,-12.836166952982163
568,568,979,220.0,240,-75.97334616753712,-12.843662371689362
569,569,980,220.0,240,-75.97148658009404,-12.829385481049929
570,570,981,220.0,240,-75.98481397975954,-12.836164536153044
571,571,982,220.0,240,-75.96814290536874,-12.84350491844707
572,572,983,220.0,240,-80.5351680584654,-4.683721353504216
573,573,984,220.0,240,-80.51583906515243,-4.681613436567052
574,574,985,220.0,240,-80.53348161579868,-4.685762182955671
575,575,986,220.0,240,-80.5344988396144,-4.685682879588159
576,576,987,220.0,240,-80.53157585268013,-4.681796937205649
577,577,988,220.0,240,-74.63652042519095,-12.353256273567636
578,578,989,220.0,240,-74.63573273900691,-12.359357558634878
579,579,990,220.0,240,-74.65048003611248,-12.343790005444337
580,580,991,220.0,240,-74.63531735733902,-12.340481741853594
581,581,992,220.0,240,-74.64952372150552,-12.339929996884885
582,582,993,220.0,240,-75.48080378434723,-11.19272613761753
583,583,994,220.0,240,-75.47569677793955,-11.202277508364368
584,584,995,220.0,240,-75.47748348631636,-11.20111340010605
585,585,996,220.0,240,-75.47302645150194,-11.19694500959546
586,586,997,220.0,240,-75.47090863893372,-11.196215192970776
587,587,998,220.0,240,-75.53476663645382,-10.7356448724585
588,588,999,220.0,240,-75.52682340813372,-10.741442727594809
589,589,1000,220.0,240,-75.53186246819433,-10.748690311023719
590,590,1001,220.0,240,-75.54279221299275,-10.733061420566697
591,591,1002,220.0,240,-75.53308184038833,-10.734756347501229
592,592,1003,220.0,240,-75.64536260105149,-10.72426070834502
593,593,1004,220.0,240,-75.63536359889119,-10.719086033021636
594,594,1005,220.0,240,-75.65289974670735,-10.730971216790616
595,595,1006,220.0,240,-75.64488692240036,-10.728893002056791
596,596,1007,220.0,240,-75.64845181840914,-10.71451671206009
597,597,1008,220.0,240,-76.48971674471524,-11.651975219474595
598,598,1009,220.0,240,-76.4860806783465,-11.659288369207998
599,599,1010,220.0,240,-76.48922110755248,-11.663259918461334
600,600,1011,220.0,240,-76.4744900982519,-11.651838917084719
601,601,1012,220.0,240,-76.48363620245918,-11.64923696205772
602,602,1013,220.0,240,-79.87987956353611,-5.017330844874184
603,603,1014,220.0,240,-79.88114152300028,-5.02339737106181
604,604,1015,220.0,240,-79.8842967538342,-5.025083914325285
605,605,1016,220.0,240,-79.88151061309141,-5.03073477199741
606,606,1017,220.0,240,-79.88402828984286,-5.020251451802139
607,607,1018,220.0,240,-77.85137704706526,-8.801405953033402
608,608,1019,220.0,240,-77.85676707684615,-8.813306637209985
609,609,1020,220.0,240,-77.85795915076564,-8.812566898032921
610,610,1021,220.0,240,-77.8417746567368,-8.808813919994524
611,611,1022,220.0,240,-77.85030320578004,-8.815808219015763
612,612,1023,220.0,240,-75.5655317030248,-11.27480893270629
613,613,1024,220.0,240,-75.56088518854523,-11.274270716966297
614,614,1025,220.0,240,-75.55257059780506,-11.261598393559051
615,615,1026,220.0,240,-75.56147024360219,-11.271973937460869
616,616,1027,220.0,240,-75.56529816288385,-11.274346124538608
617,617,1028,220.0,240,-71.48192612556583,-16.29825014691836
618,618,1029,220.0,240,-71.47450383881893,-16.290199179507518
619,619,1030,220.0,240,-71.46557466011686,-16.297156789525385
620,620,1031,220.0,240,-71.47664381361314,-16.2867424600489
621,621,1032,220.0,240,-71.47323693764338,-16.290536780913715
622,622,1033,220.0,240,-79.20283613817843,-6.601461302551239
623,623,1034,220.0,240,-79.2025888555477,-6.605022889536597
624,624,1035,220.0,240,-79.21126478849375,-6.597983911726812
625,625,1036,220.0,240,-79.20978168079823,-6.597145073740726
626,626,1037,220.0,240,-79.21013656448706,-6.6011518284057225
627,627,1038,220.0,240,-76.82425772354374,-6.154344811834824
628,628,1039,220.0,240,-76.8149154340342,-6.156050991849493
629,629,1040,220.0,240,-76.83124122760687,-6.147041496635461
630,630,1041,220.0,240,-76.82294644617576,-6.1469092335181506
631,631,1042,220.0,240,-76.82333423553379,-6.1511462831639045
632,632,1043,220.0,240,-71.28752173684944,-14.341817520467892
633,633,1044,220.0,240,-71.27829101146799,-14.345029889747494
634,634,1045,220.0,240,-71.28621367307045,-14.332326778344088
635,635,1046,220.0,240,-71.28746376338552,-14.33805269948798
636,636,1047,220.0,240,-71.27755206830379,-14.338960827762984
637,637,1048,220.0,240,-71.72159079240173,-15.219989768517939
638,638,1049,220.0,240,-71.72350119262454,-15.230133477330558
639,639,1050,220.0,240,-71.71565353657633,-15.214074023080046
640,640,1051,220.0,240,-71.7286637824842,-15.21556169224192
641,641,1052,220.0,240,-71.72941294329149,-15.23136528983185
642,642,1053,220.0,240,-75.91794305177544,-11.519389241878784
643,643,1054,220.0,240,-75.92102070267596,-11.522614108026335
644,644,1055,220.0,240,-75.90908144004806,-11.517776722471615
645,645,1056,220.0,240,-75.90712390551872,-11.513408292859765
646,646,1057,220.0,240,-75.90540173078743,-11.517971336015922
647,647,1058,220.0,240,-78.84257920685174,-5.704989677127927
648,648,1059,220.0,240,-78.83500121343336,-5.716616154615322
649,649,1060,220.0,240,-78.8382293553697,-5.714289081059351
650,650,1061,220.0,240,-78.84287170131728,-5.7089114920738275
651,651,1062,220.0,240,-78.84324320854343,-5.7218732218916015
652,652,1063,220.0,240,-77.35638544712886,-8.13704714062638
653,653,1064,220.0,240,-77.36605174640087,-8.140276367014787
654,654,1065,220.0,240,-77.35697297687337,-8.142333020600583
655,655,1066,220.0,240,-77.37538012803621,-8.139806889556342
656,656,1067,220.0,240,-77.36848584507104,-8.140656764491004
657,657,1068,220.0,240,-74.1217677769103,-13.618628383817262
658,658,1069,220.0,240,-74.13996880232975,-13.633066445885
659,659,1070,220.0,240,-74.12141720475411,-13.617503308971894
660,660,1071,220.0,240,-74.12709227430776,-13.628518007480848
661,661,1072,220.0,240,-74.13809008154378,-13.628986125645984
662,662,1073,220.0,240,-72.55985832859241,-13.17609654006215
663,663,1074,220.0,240,-72.56555804152053,-13.17076406399564
664,664,1075,220.0,240,-72.5699662846136,-13.173563223062716
665,665,1076,220.0,240,-72.55600813117653,-13.17605099867038
666,666,1077,220.0,240,-72.56451288064136,-13.17047319823262
667,667,1078,220.0,240,-72.1218244158677,-15.017879570567562
668,668,1079,220.0,240,-72.12725649174862,-15.014774666672148
669,669,1080,220.0,240,-72.11660758676572,-15.017014696078666
670,670,1081,220.0,240,-72.1223788297207,-15.026219368174159
671,671,1082,220.0,240,-72.11770461397016,-15.030834548396005
672,672,1083,220.0,240,-78.45220637163379,-5.4118196569926456
673,673,1084,220.0,240,-78.44394333760941,-5.400384425511445
674,674,1085,220.0,240,-78.45521666900265,-5.400452739216321
675,675,1086,220.0,240,-78.45504582253696,-5.406273402883815
676,676,1087,220.0,240,-78.44996238216939,-5.397325212085078
677,677,1088,220.0,240,-77.49877536328418,-9.568896480457948
678,678,1089,220.0,240,-77.50922821510383,-9.558113256653002
679,679,1090,220.0,240,-77.49837774951442,-9.56535541931193
680,680,1091,220.0,240,-77.49862959964807,-9.573377837977075
681,681,1092,220.0,240,-77.49493908121372,-9.558113988327722
682,682,1093,220.0,240,-77.44912037586155,-8.023858503418895
683,683,1094,220.0,240,-77.4334755971004,-8.0141440946313
684,684,1095,220.0,240,-77.43544635845505,-8.022822064292324
685,685,1096,220.0,240,-77.44840833583596,-8.013006405477695
686,686,1097,220.0,240,-77.4386309938174,-8.021413673419163
687,687,1098,220.0,240,-78.81214872654509,-5.689231235478056
688,688,1099,220.0,240,-78.79446741400447,-5.705026899467693
689,689,1100,220.0,240,-78.79308753615409,-5.691916229984476
690,690,1101,220.0,240,-78.79600605283555,-5.69855240810859
691,691,1102,220.0,240,-78.80526393061862,-5.6858082102484495
692,692,1103,220.0,240,-74.22781825121633,-13.199130166084146
693,693,1104,220.0,240,-74.22911970117657,-13.192289609186764
694,694,1105,220.0,240,-74.22998281922838,-13.190300907858726
695,695,1106,220.0,240,-74.22318020174806,-13.191417712748382
696,696,1107,220.0,240,-74.22990341089954,-13.20165268130695
697,697,1108,220.0,240,-71.8006202408048,-15.203890837546815
698,698,1109,220.0,240,-71.81115475737964,-15.2175224857114
699,699,1110,220.0,240,-71.8056728648331,-15.202890158164974
700,700,1111,220.0,240,-71.80376436832806,-15.205837388551775
701,701,1112,220.0,240,-71.80956576209653,-15.201342700375587
702,702,1113,220.0,240,-70.45820133388266,-13.647120981080961
703,703,1114,220.0,240,-70.45482447510499,-13.637171470763235
704,704,1115,220.0,240,-70.46107666182581,-13.65452483003639
705,705,1116,220.0,240,-70.45733885656732,-13.639224903937004
706,706,1117,220.0,240,-70.45450394021066,-13.636049640159397
707,707,1118,220.0,240,-71.79352795076093,-15.221583323595647
708,708,1119,220.0,240,-71.79776677887554,-15.22147304232354
709,709,1120,220.0,240,-71.7942078149028,-15.212894984446335
710,710,1121,220.0,240,-71.8063593591642,-15.223458407064756
711,711,1122,220.0,240,-71.80941377081946,-15.216205473945363
712,712,1123,220.0,240,-72.70453962863328,-12.86610192321512
713,713,1124,220.0,240,-72.70732271442724,-12.864701197833297
714,714,1125,220.0,240,-72.69025228874494,-12.87552621065286
715,715,1126,220.0,240,-72.7032600391431,-12.868684829406838
716,716,1127,220.0,240,-72.70286568948943,-12.858763849144768
717,717,1128,220.0,240,-72.56670004152112,-14.030273353959613
718,718,1129,220.0,240,-72.54857505936762,-14.04084176694155
719,719,1130,220.0,240,-72.5627028441062,-14.034725764762308
720,720,1131,220.0,240,-72.5608897426184,-14.037023710033322
721,721,1132,220.0,240,-72.55324516453223,-14.04599137359414
722,722,1133,220.0,240,-72.61759059035018,-14.06653532234594
723,723,1134,220.0,240,-72.61568547489918,-14.0760722058042
724,724,1135,220.0,240,-72.6212531924528,-14.065744680331685
725,725,1136,220.0,240,-72.618001922657,-14.060887470183832
726,726,1137,220.0,240,-72.62542779360786,-14.062907363654348
727,727,1138,220.0,240,-73.24439168334052,-14.292039570973454
728,728,1139,220.0,240,-73.25555634721157,-14.299546201336682
729,729,1140,220.0,240,-73.23804171056982,-14.296199520929015
730,730,1141,220.0,240,-73.24477283196799,-14.29520870013746
731,731,1142,220.0,240,-73.24981025801846,-14.296934123568958
732,732,1143,220.0,240,-72.91805722277356,-13.733726709066413
733,733,1144,220.0,240,-72.92225169813081,-13.733688748192316
734,734,1145,220.0,240,-72.9241324988051,-13.733048907072257
735,735,1146,220.0,240,-72.92271268507693,-13.731612720309068
736,736,1147,220.0,240,-72.93145176279548,-13.729500566140159
737,737,1148,220.0,240,-73.50916975638232,-13.779379352520339
738,738,1149,220.0,240,-73.49268355215789,-13.779823977366954
739,739,1150,220.0,240,-73.50392005958284,-13.770777289738017
740,740,1151,220.0,240,-73.5008728135603,-13.784081061927312
741,741,1152,220.0,240,-73.50951873545559,-13.765408072344654
742,742,1153,220.0,240,-73.31662349794126,-13.331218399341715
743,743,1154,220.0,240,-73.32833219540812,-13.322252881990472
744,744,1155,220.0,240,-73.31435314898795,-13.321771419145012
745,745,1156,220.0,240,-73.32319153477252,-13.31720462364882
746,746,1157,220.0,240,-73.31446381422606,-13.319115143890714
747,747,1158,220.0,240,-75.32075256792729,-11.08766178878953
748,748,1159,220.0,240,-75.3335300402392,-11.083180351905389
749,749,1160,220.0,240,-75.3232685451219,-11.08858779798577
750,750,1161,220.0,240,-75.324088538358,-11.072862411221328
751,751,1162,220.0,240,-75.32620191742339,-11.09045571805243
752,752,1163,220.0,240,-74.85275787376958,-10.941783352702881
753,753,1164,220.0,240,-74.84466074705362,-10.937077561136409
754,754,1165,220.0,240,-74.84599721381558,-10.949441992432533
755,755,1166,220.0,240,-74.84764990446986,-10.933984299902399
756,756,1167,220.0,240,-74.86274815444173,-10.94841504554264
757,757,1168,220.0,240,-74.61709377008646,-11.22767395540071
758,758,1169,220.0,240,-74.61472598555937,-11.211888380137909
759,759,1170,220.0,240,-74.61495752236662,-11.225715088677735
760,760,1171,220.0,240,-74.61142131241755,-11.223508786578503
761,761,1172,220.0,240,-74.60184480094023,-11.221764259496398
762,762,1173,220.0,240,-74.50611587943372,-11.480917494322304
763,763,1174,220.0,240,-74.51231777633315,-11.478684822999684
764,764,1175,220.0,240,-74.50140122373878,-11.496218249003073
765,765,1176,220.0,240,-74.49597839183004,-11.478476564392285
766,766,1177,220.0,240,-74.51006446110696,-11.480672333886812
767,767,1178,220.0,240,-74.87095984330897,-11.986253990286052
768,768,1179,220.0,240,-74.87299705573315,-11.983593359863962
769,769,1180,220.0,240,-74.86422637021268,-11.982394401739308
770,770,1181,220.0,240,-74.87313759486709,-11.976746452870112
771,771,1182,220.0,240,-74.86538995278327,-11.97748301718476
772,772,1183,220.0,240,-72.7254581286357,-16.57970234001853
773,773,1184,220.0,240,-72.72000235484545,-16.580669745523743
774,774,1185,220.0,240,-72.71406887428898,-16.563522098111008
775,775,1186,220.0,240,-72.7126457789868,-16.57174109794506
776,776,1187,220.0,240,-72.71210589817427,-16.564092274271967
777,777,1188,220.0,240,-72.65338608688047,-15.772846408560135
778,778,1189,220.0,240,-72.66455681196011,-15.785333033933437
779,779,1190,220.0,240,-72.66278420001754,-15.773639041308927
780,780,1191,220.0,240,-72.6504627361869,-15.777891286514812
781,781,1192,220.0,240,-72.65038125578084,-15.780604177219908
782,782,1193,220.0,240,-77.18515968028186,-9.3578198826365
783,783,1194,220.0,240,-77.18799959712975,-9.341034883891936
784,784,1195,220.0,240,-77.18354946580777,-9.350394343575354
785,785,1196,220.0,240,-77.17458687374365,-9.351120152890012
786,786,1197,220.0,240,-77.1899925241152,-9.353812138406687
787,787,1198,220.0,240,-78.10117733765966,-7.855248561430705
788,788,1199,220.0,240,-78.0927051450246,-7.857038110183288
789,789,1200,220.0,240,-78.10713453206728,-7.840386396959832
790,790,1201,220.0,240,-78.10469537030474,-7.8565117253227665
791,791,1202,220.0,240,-78.10386917148344,-7.848340687791735
792,792,1203,220.0,240,-78.3092845265229,-7.272458559813575
793,793,1204,220.0,240,-78.29962751759707,-7.2608806416713705
794,794,1205,220.0,240,-78.29677229947087,-7.264628413922451
795,795,1206,220.0,240,-78.30321613808604,-7.2640732516386946
796,796,1207,220.0,240,-78.31519700738666,-7.271051839761978
797,797,1208,220.0,240,-75.273026233453,-11.884831718069384
798,798,1209,220.0,240,-75.27077289079584,-11.885290897943747
799,799,1210,220.0,240,-75.28138711973708,-11.883448614987916
800,800,1211,220.0,240,-75.27472653677552,-11.885185699764055
801,801,1212,220.0,240,-75.27666266071624,-11.894425736539375
802,802,1213,220.0,240,-72.50519017473411,-15.65063183509211
803,803,1214,220.0,240,-72.48867970529923,-15.64158805010526
804,804,1215,220.0,240,-72.49874278026459,-15.640725935677144
805,805,1216,220.0,240,-72.49172547376334,-15.64911892118722
806,806,1217,220.0,240,-72.48987615699521,-15.65252102026786
807,807,1218,220.0,240,-72.2827277896253,-15.201210850187378
808,808,1219,220.0,240,-72.29148862998474,-15.197096562310003
809,809,1220,220.0,240,-72.29555472348297,-15.19989808096829
810,810,1221,220.0,240,-72.29378373155429,-15.205892702915683
811,811,1222,220.0,240,-72.28722096136093,-15.198259964155
812,812,1223,220.0,240,-78.41733367992836,-7.090732603086326
813,813,1224,220.0,240,-78.4256410975972,-7.096827347607427
814,814,1225,220.0,240,-78.41156859970985,-7.1084086721131365
815,815,1226,220.0,240,-78.4168704849536,-7.108922727836621
816,816,1227,220.0,240,-78.42735548884589,-7.094606726500549
817,817,1228,220.0,240,-79.45627413221486,-5.24017369945873
818,818,1229,220.0,240,-79.45531127439651,-5.243199593477067
819,819,1230,220.0,240,-79.45721587702384,-5.2447106806897255
820,820,1231,220.0,240,-79.44537345749475,-5.231257961461525
821,821,1232,220.0,240,-79.45591447782277,-5.2429989322575
822,822,1233,220.0,240,-79.88676060911227,-4.664427798207391
823,823,1234,220.0,240,-79.89183554347518,-4.66057336510888
824,824,1235,220.0,240,-79.8869671526036,-4.6616932068622265
825,825,1236,220.0,240,-79.89546199724312,-4.673199906947708
826,826,1237,220.0,240,-79.88087163611257,-4.661950744002399
827,827,1238,220.0,240,-79.60616469250976,-5.373988894186436
828,828,1239,220.0,240,-79.5962827234079,-5.367242398995963
829,829,1240,220.0,240,-79.61104444493074,-5.365474720998776
830,830,1241,220.0,240,-79.60536114812584,-5.38298179156901
831,831,1242,220.0,240,-79.60586850716196,-5.367600394017984
832,832,1243,220.0,240,-78.04374517101662,-6.968646761234491
833,833,1244,220.0,240,-78.04818196735377,-6.970300085462829
834,834,1245,220.0,240,-78.0473116169616,-6.960656121911712
835,835,1246,220.0,240,-78.05110386468657,-6.973972926736028
836,836,1247,220.0,240,-78.04744830354888,-6.975605442114575
837,837,1248,220.0,240,-78.47527092017025,-6.112817137146539
838,838,1249,220.0,240,-78.47979622969929,-6.110877892890701
839,839,1250,220.0,240,-78.46793064039409,-6.124189764513972
840,840,1251,220.0,240,-78.46943751180918,-6.123676225761501
841,841,1252,220.0,240,-78.47720925320353,-6.1245348217348825
842,842,1253,220.0,240,-69.44798595053418,-14.299515049392625
843,843,1254,220.0,240,-69.43441609849154,-14.28957479699719
844,844,1255,220.0,240,-69.43449032760029,-14.2964190192876
845,845,1256,220.0,240,-69.4414301437306,-14.300637912848831
846,846,1257,220.0,240,-69.44947607825225,-14.296943170283189
847,847,1258,220.0,240,-75.28151327854587,-12.329603179512434
848,848,1259,220.0,240,-75.28137496480566,-12.331083850756745
849,849,1260,220.0,240,-75.29047953287441,-12.32227923944403
850,850,1261,220.0,240,-75.29550682112098,-12.329228119951644
851,851,1262,220.0,240,-75.29640878521396,-12.32937070557957
852,852,1263,220.0,240,-75.18856294671677,-12.005139263102059
853,853,1264,220.0,240,-75.18299799060418,-12.010551216409983
854,854,1265,220.0,240,-75.18218479351917,-12.020507435775594
855,855,1266,220.0,240,-75.1697370469024,-12.013037023842028
856,856,1267,220.0,240,-75.18167222205385,-12.013808078097416
857,857,1268,220.0,240,-72.47016845501723,-15.982317581081345
858,858,1269,220.0,240,-72.46233008919067,-15.987805214654253
859,859,1270,220.0,240,-72.46584743391966,-15.970917144015184
860,860,1271,220.0,240,-72.46948213108973,-15.985531587018645
861,861,1272,220.0,240,-72.47237116666611,-15.976564264331893
862,862,1273,220.0,240,-78.72284806048155,-8.416174557976491
863,863,1274,220.0,240,-78.72761228876531,-8.401663597199505
864,864,1275,220.0,240,-78.72318151099044,-8.41826513583001
865,865,1276,220.0,240,-78.71938903717343,-8.413455241954441
866,866,1277,220.0,240,-78.72198674771862,-8.41759740209058
867,867,1278,220.0,240,-78.01448553944938,-7.634312687544819
868,868,1279,220.0,240,-78.01165018775237,-7.639507338469943
869,869,1280,220.0,240,-78.0082179825004,-7.646876443873901
870,870,1281,220.0,240,-78.01951477186611,-7.639952607746841
871,871,1282,220.0,240,-78.00500077661368,-7.636546895102173
872,872,1283,220.0,240,-72.12742622223628,-16.449476079769678
873,873,1284,220.0,240,-72.1375873861814,-16.45383501073245
874,874,1285,220.0,240,-72.13310440981677,-16.453104277392573
875,875,1286,220.0,240,-72.12854436291211,-16.45452824145415
876,876,1287,220.0,240,-72.12347994437175,-16.454281493487606
877,877,1288,220.0,240,-73.76484423381342,-12.59563962906271
878,878,1289,220.0,240,-73.75609983270365,-12.593417456277784
879,879,1290,220.0,240,-73.76584180893701,-12.60101669762333
880,880,1291,220.0,240,-73.76513439146255,-12.60209338549134
881,881,1292,220.0,240,-73.76500309425367,-12.593673729430856
882,882,1293,220.0,240,-78.15339111645464,-7.2614940337820455
883,883,1294,220.0,240,-78.15012978958217,-7.261957382521432
884,884,1295,220.0,240,-78.15999638810786,-7.264003215245575
885,885,1296,220.0,240,-78.147923506069,-7.273842853404716
886,886,1297,220.0,240,-78.15146708527872,-7.275281467095755
887,887,1298,220.0,240,-75.34237401799048,-12.059206243673708
888,888,1299,220.0,240,-75.35368198748601,-12.055272698562451
889,889,1300,220.0,240,-75.34222215333766,-12.050032435546136
890,890,1301,220.0,240,-75.34530281387508,-12.04441787455509
891,891,1302,220.0,240,-75.34105392554714,-12.052173275092361
892,892,1303,220.0,240,-72.30962336636472,-14.98740010754406
893,893,1304,220.0,240,-72.31413093056412,-14.994439913822811
894,894,1305,220.0,240,-72.3201969884468,-14.97661643147928
895,895,1306,220.0,240,-72.306919544143,-14.987881192112974
896,896,1307,220.0,240,-72.30835483574685,-14.987130272868995
897,897,1308,220.0,240,-75.35157059464518,-12.652367565860326
898,898,1309,220.0,240,-75.3412670273926,-12.665367061733182
899,899,1310,220.0,240,-75.3463198789895,-12.658785096440088
900,900,1311,220.0,240,-75.33920827405623,-12.654520682809931
901,901,1312,220.0,240,-75.34487705751347,-12.662593750243126
902,902,1313,220.0,240,-79.79697099090862,-5.071054001393733
903,903,1314,220.0,240,-79.7989376905486,-5.081154676703202
904,904,1315,220.0,240,-79.78679096715214,-5.075725259820005
905,905,1316,220.0,240,-79.79235204127117,-5.072820775590766
906,906,1317,220.0,240,-79.78725932728142,-5.080653152266065
907,907,1318,220.0,240,-79.23631297314941,-6.60642444796682
908,908,1319,220.0,240,-79.24307519160011,-6.618988030511935
909,909,1320,220.0,240,-79.24008467501362,-6.609467036887601
910,910,1321,220.0,240,-79.23022712005987,-6.6078208836398575
911,911,1322,220.0,240,-79.2413397642384,-6.614446951014539
912,912,1323,220.0,240,-71.49265560919972,-16.29778414694529
913,913,1324,220.0,240,-71.47950954595015,-16.30191424177435
914,914,1325,220.0,240,-71.49368357510605,-16.305664684463984
915,915,1326,220.0,240,-71.48001958884895,-16.306007532835743
916,916,1327,220.0,240,-71.47921657886997,-16.299703719469676
917,917,1328,220.0,240,-71.50641461103665,-16.311462350883932
918,918,1329,220.0,240,-71.51529130475616,-16.32153946975978
919,919,1330,220.0,240,-71.51364569580976,-16.313362918418676
920,920,1331,220.0,240,-71.51145538564245,-16.307983076751107
921,921,1332,220.0,240,-71.50322242291037,-16.320038467426702
922,922,1333,220.0,240,-71.51227147202276,-16.312953347023225
923,923,1334,220.0,240,-71.51615572762921,-16.32394340366856
924,924,1335,220.0,240,-71.52774676070543,-16.325538859067667
925,925,1336,220.0,240,-71.51219236334127,-16.320416568975094
926,926,1337,220.0,240,-71.51907264510193,-16.32405772912988
927,927,1338,220.0,240,-71.5309339487129,-16.31394647449661
928,928,1339,220.0,240,-71.52983417533241,-16.333366550242133
929,929,1340,220.0,240,-71.51561251920272,-16.32593101208394
930,930,1341,220.0,240,-71.51947277648567,-16.32789420467066
931,931,1342,220.0,240,-71.52646131212384,-16.332946693026688
932,932,1343,220.0,240,-77.83692332091333,-8.913146099667635
933,933,1344,220.0,240,-77.8500378485346,-8.921475173388695
934,934,1345,220.0,240,-77.84426847309605,-8.928668565498462
935,935,1346,220.0,240,-77.83919918420592,-8.917047105715774
936,936,1347,220.0,240,-77.84168627475678,-8.93001958978864
937,937,1348,220.0,240,-77.82532401470354,-8.927582201422029
938,938,1349,220.0,240,-77.83088497169514,-8.93079901378707
939,939,1350,220.0,240,-77.82626999027462,-8.927438584202095
940,940,1351,220.0,240,-77.8349629531441,-8.928293706494316
941,941,1352,220.0,240,-77.82758946292171,-8.919412282207174
942,942,1353,220.0,240,-75.57541287420814,-11.257909015558853
943,943,1354,220.0,240,-75.57541842549513,-11.24498806632514
944,944,1355,220.0,240,-75.57524391583955,-11.251366244403995
945,945,1356,220.0,240,-75.58730651533361,-11.250307511747415
946,946,1357,220.0,240,-75.57820443877311,-11.260060761894655
947,947,1358,220.0,240,-75.56382785194681,-11.266906526633653
948,948,1359,220.0,240,-75.55886241129444,-11.26916754048684
949,949,1360,220.0,240,-75.55996755579771,-11.259915561699671
950,950,1361,220.0,240,-75.56016719921601,-11.25544151802478
951,951,1362,220.0,240,-75.55644506396119,-11.263725193662028
952,952,1363,220.0,240,-75.5508973991234,-11.266029871638473
953,953,1364,220.0,240,-75.55124459684991,-11.268224926866237
954,954,1365,220.0,240,-75.56483628255194,-11.267472291343255
955,955,1366,220.0,240,-75.5488065711528,-11.262175500491416
956,956,1367,220.0,240,-75.55256500305649,-11.263579612275102
957,957,1368,220.0,240,-76.45979994415123,-11.895688988363029
958,958,1369,220.0,240,-76.46039524037158,-11.877504020119076
959,959,1370,220.0,240,-76.45382058621728,-11.881219407808869
960,960,1371,220.0,240,-76.45150070823041,-11.89255606478644
961,961,1372,220.0,240,-76.4632549751748,-11.884535610670813
962,962,1373,220.0,240,-79.01182093192251,-6.642543283307295
963,963,1374,220.0,240,-79.01150586214597,-6.634747721524176
964,964,1375,220.0,240,-79.00911205825851,-6.647167252408494
965,965,1376,220.0,240,-79.00983132161038,-6.647848958437324
966,966,1377,220.0,240,-79.00895711740449,-6.64721775705318
967,967,1378,220.0,240,-80.51128988181489,-4.676776668875196
968,968,1379,220.0,240,-80.5055705621771,-4.678782371641492
969,969,1380,220.0,240,-80.50716147205443,-4.678392000809641
970,970,1381,220.0,240,-80.50738724718512,-4.6924619791144275
971,971,1382,220.0,240,-80.50934659814239,-4.688925487317867
972,972,1383,220.0,240,-72.60511159848055,-13.11344439922765
973,973,1384,220.0,240,-72.6037611234397,-13.111933642276297
974,974,1385,220.0,240,-72.60531893932446,-13.10958978561364
975,975,1386,220.0,240,-72.60197056646805,-13.113181545323364
976,976,1387,220.0,240,-72.60569395408908,-13.117415723896872
977,977,1388,220.0,240,-77.00181774883697,-10.923515456030206
978,978,1389,220.0,240,-77.01597792414746,-10.933546815571441
979,979,1390,220.0,240,-77.00116921887191,-10.929390322619218
980,980,1391,220.0,240,-77.01719119404976,-10.937488911123873
981,981,1392,220.0,240,-77.00523177996973,-10.918888746662297
982,982,1393,220.0,240,-77.82248178210708,-8.783264252375718
983,983,1394,220.0,240,-77.82863212214096,-8.771627344563806
984,984,1395,220.0,240,-77.82783095384944,-8.766260950429588
985,985,1396,220.0,240,-77.8197494413994,-8.771832869854142
986,986,1397,220.0,240,-77.82870763227471,-8.783014472992779
987,987,1398,220.0,240,-72.56418027264114,-13.168441908533604
988,988,1399,220.0,240,-72.55383627595884,-13.178554262800244
989,989,1400,220.0,240,-72.56333345518337,-13.173904830547446
990,990,1401,220.0,240,-72.55352967843513,-13.166755269877045
991,991,1402,220.0,240,-72.55912862517118,-13.178766782070785
992,992,1403,220.0,240,-79.75454697888011,-4.618859514057337
993,993,1404,220.0,240,-79.7516550822191,-4.609771270415842
994,994,1405,220.0,240,-79.74473752372657,-4.627960163499541
995,995,1406,220.0,240,-79.76117332343661,-4.626705839972126
996,996,1407,220.0,240,-79.74600615393807,-4.615943535930607
997,997,1408,220.0,240,-75.07752035097853,-11.646132319214104
998,998,1409,220.0,240,-75.06623667302712,-11.652131937942935
999,999,1410,220.0,240,-75.06397995010684,-11.649671888221945
1000,1000,1411,220.0,240,-75.05991731898196,-11.66000407729776
1001,1001,1412,220.0,240,-75.07145584110243,-11.658894863267209
1002,1002,1413,220.0,240,-75.05604483298272,-11.644171974932565
1003,1003,1414,220.0,240,-75.0583116471609,-11.651354336325088
1004,1004,1415,220.0,240,-75.06343031333364,-11.654225036504508
1005,1005,1416,220.0,240,-75.067843187182,-11.639513453720916
1006,1006,1417,220.0,240,-75.05175328590576,-11.64236314179129
1007,1007,1418,220.0,240,-75.88852343545553,-9.596981264265718
1008,1008,1419,220.0,240,-75.8890130762998,-9.59353653823488
1009,1009,1420,220.0,240,-75.88273694817069,-9.595032621535914
1010,1010,1421,220.0,240,-75.8910270546638,-9.605703670954277
1011,1011,1422,220.0,240,-75.87675251547847,-9.594987036536537
